<?xml version='1.0'?>
<kitManifest
   name="rpiTherm"
   checksum="d01eb27b"
   hasNatives="false"
   doc="true"
   version="1.2.27"
   vendor="Tridium"
   description="Support for thermistor based on rpiDigitalIo"
   buildHost="rpilot"
   buildTime="2013-01-25T13:51:16.530Z"
>

<!-- Dependencies -->
<depends>
  <depend on="sys 1.2"/>
  <depend on="rpiDigitalIo 1.2"/>
</depends>

<!-- rpiTherm::Therm -->
<type id="0" name="Therm" sizeof="48" base="sys::Component">
  <slot id="0" name="dioNum" type="int" flags="c" default="-1">
    <facets>
      <bool name="config" val="true"/>
      <bool name="defaultOnClone" val="true"/>
    </facets>
  </slot>
  <slot id="1" name="invert" type="bool" flags="c" default="false">
    <facets>
      <bool name="config" val="true"/>
    </facets>
  </slot>
  <slot id="2" name="raw" type="int">
    <facets>
      <bool name="readonly" val="true"/>
    </facets>
  </slot>
</type>

<!-- rpiTherm::ThermRC -->
<type id="1" name="ThermRC" sizeof="64" base="sys::Component">
  <slot id="0" name="dioNum" type="int" flags="c" default="-1">
    <facets>
      <bool name="config" val="true"/>
      <bool name="defaultOnClone" val="true"/>
    </facets>
  </slot>
  <slot id="1" name="invert" type="bool" flags="c" default="false">
    <facets>
      <bool name="config" val="true"/>
    </facets>
  </slot>
  <slot id="2" name="thermR" type="float">
    <facets>
      <str name="unit" val="ohm"/>
      <bool name="readonly" val="true"/>
    </facets>
  </slot>
  <slot id="3" name="tauMs" type="float">
    <facets>
      <str name="unit" val="millisecond"/>
      <bool name="readonly" val="true"/>
    </facets>
  </slot>
  <slot id="4" name="r1ohms" type="float" flags="c">
    <facets>
      <bool name="config" val="true"/>
      <str name="unit" val="ohm"/>
    </facets>
  </slot>
  <slot id="5" name="c1mF" type="float" flags="c">
    <facets>
      <bool name="config" val="true"/>
      <int name="precision" val="6"/>
    </facets>
  </slot>
  <slot id="6" name="eMsec" type="float" flags="c">
    <facets>
      <bool name="config" val="true"/>
    </facets>
  </slot>
</type>

</kitManifest>
