<?xml version='1.0'?>
<kitManifest
   name="rpiDigitalIo"
   checksum="b1afa98d"
   hasNatives="true"
   doc="true"
   version="1.2.27"
   vendor="Tridium"
   description="Support for Raspberry Pi digital I/O"
   buildHost="rpilot"
   buildTime="2013-01-25T13:50:48.762Z"
>

<!-- Dependencies -->
<depends>
  <depend on="sys 1.2"/>
</depends>

<!-- rpiDigitalIo::DioIn -->
<type id="0" name="DioIn" sizeof="44" base="sys::Component">
  <slot id="0" name="dioNum" type="int" flags="c" default="-1">
    <facets>
      <bool name="config" val="true"/>
      <bool name="defaultOnClone" val="true"/>
    </facets>
  </slot>
  <slot id="1" name="invert" type="bool" flags="c" default="false">
    <facets>
      <bool name="config" val="true"/>
    </facets>
  </slot>
  <slot id="2" name="out" type="bool" default="null">
    <facets>
      <bool name="readonly" val="true"/>
      <bool name="allowNull" val="true"/>
    </facets>
  </slot>
</type>

<!-- rpiDigitalIo::DioOut -->
<type id="1" name="DioOut" sizeof="44" base="sys::Component">
  <slot id="0" name="dioNum" type="int" flags="c" default="-1">
    <facets>
      <bool name="config" val="true"/>
      <bool name="defaultOnClone" val="true"/>
    </facets>
  </slot>
  <slot id="1" name="invert" type="bool" flags="c" default="false">
    <facets>
      <bool name="config" val="true"/>
    </facets>
  </slot>
  <slot id="2" name="in" type="bool" default="null"/>
</type>

</kitManifest>
