<?xml version='1.0'?>
<kitManifest
   name="driver"
   checksum="b4cc82ce"
   hasNatives="false"
   doc="true"
   version="1.2.27"
   vendor="Tridium"
   description="general driver"
   buildHost="VA51DT-BIGFOOT"
   buildTime="2012-10-17T08:40:04.416-04:00"
>

<!-- Dependencies -->
<depends>
  <depend on="sys 1.2+"/>
</depends>

<!-- driver::Point -->
<type id="0" name="Point" sizeof="48" base="sys::Component">
  <slot id="0" name="fault" type="bool" default="false"/>
  <slot id="1" name="status" type="int" default="0"/>
  <slot id="2" name="address" type="int" flags="c" default="0">
    <facets>
      <bool name="config" val="true"/>
      <bool name="defaultOnClone" val="true"/>
    </facets>
  </slot>
</type>

<!-- driver::AiPoint -->
<type id="1" name="AiPoint" sizeof="52" base="driver::Point">
  <slot id="0" name="out" type="float" default="0.0"/>
</type>

<!-- driver::AoPoint -->
<type id="2" name="AoPoint" sizeof="72" base="driver::AiPoint">
  <slot id="0" name="inMax" type="float" flags="c" default="100.0">
    <facets>
      <bool name="config" val="true"/>
    </facets>
  </slot>
  <slot id="1" name="inMin" type="float" flags="c" default="0.0">
    <facets>
      <bool name="config" val="true"/>
    </facets>
  </slot>
  <slot id="2" name="in" type="float" flags="c" default="0.0">
    <facets>
      <bool name="config" val="true"/>
    </facets>
  </slot>
</type>

<!-- driver::Device -->
<type id="3" name="Device" sizeof="76" base="sys::Component">
  <slot id="0" name="fault" type="bool" default="false"/>
  <slot id="1" name="status" type="int" default="0"/>
  <slot id="2" name="enable" type="bool" flags="c" default="true">
    <facets>
      <bool name="config" val="true"/>
    </facets>
  </slot>
</type>

<!-- driver::DeviceNetwork -->
<type id="4" name="DeviceNetwork" sizeof="48" base="sys::Service">
  <slot id="0" name="pingTimeSec" type="int" flags="c" default="30">
    <facets>
      <bool name="config" val="true"/>
      <str name="unit" val="second"/>
    </facets>
  </slot>
</type>

<!-- driver::DiPoint -->
<type id="5" name="DiPoint" sizeof="52" base="driver::Point">
  <slot id="0" name="out" type="bool" default="false"/>
</type>

<!-- driver::DoPoint -->
<type id="6" name="DoPoint" sizeof="52" base="driver::Point">
  <slot id="0" name="in" type="bool" default="false"/>
</type>

</kitManifest>
