<?xml version='1.0'?>
<kitManifest
   name="sys"
   checksum="d3984c51"
   hasNatives="true"
   doc="true"
   version="1.2.27"
   vendor="Tridium"
   description="Sedona core system module"
   buildHost="rpilot"
   buildTime="2013-01-04T20:44:21.700Z"
>

<!-- Dependencies -->
<depends>
</depends>

<!-- sys::void -->
<type id="0" name="void" sizeof="0">
</type>

<!-- sys::bool -->
<type id="1" name="bool" sizeof="1">
</type>

<!-- sys::byte -->
<type id="2" name="byte" sizeof="1">
</type>

<!-- sys::short -->
<type id="3" name="short" sizeof="2">
</type>

<!-- sys::int -->
<type id="4" name="int" sizeof="4">
</type>

<!-- sys::long -->
<type id="5" name="long" sizeof="8">
</type>

<!-- sys::float -->
<type id="6" name="float" sizeof="4">
</type>

<!-- sys::double -->
<type id="7" name="double" sizeof="8">
</type>

<!-- sys::Buf -->
<type id="8" name="Buf" sizeof="4">
</type>

<!-- sys::Component -->
<type id="9" name="Component" sizeof="36">
  <slot id="0" name="meta" type="int" flags="c" default="1">
    <facets>
      <bool name="config" val="true"/>
    </facets>
  </slot>
</type>

<!-- sys::App -->
<type id="10" name="App" sizeof="240" base="sys::Component">
  <facets>
    <bool name="palette" val="false"/>
    <str name="niagaraIcon" val="module://icons/x16/database.png"/>
  </facets>
  <slot id="0" name="save" type="void" flags="a"/>
  <slot id="1" name="hibernate" type="void" flags="a">
    <facets>
      <bool name="confirmRequired" val="true"/>
    </facets>
  </slot>
  <slot id="2" name="quit" type="void" flags="a">
    <facets>
      <bool name="confirmRequired" val="true"/>
    </facets>
  </slot>
  <slot id="3" name="restart" type="void" flags="a">
    <facets>
      <bool name="confirmRequired" val="true"/>
    </facets>
  </slot>
  <slot id="4" name="reboot" type="void" flags="a">
    <facets>
      <bool name="confirmRequired" val="true"/>
    </facets>
  </slot>
  <slot id="5" name="deviceName" type="sys::Buf" flags="cs">
    <facets>
      <bool name="asStr" val="true"/>
      <bool name="config" val="true"/>
      <int name="max" val="16"/>
    </facets>
  </slot>
  <slot id="6" name="appName" type="sys::Buf" flags="cs">
    <facets>
      <bool name="asStr" val="true"/>
      <bool name="config" val="true"/>
      <int name="max" val="16"/>
    </facets>
  </slot>
  <slot id="7" name="scanPeriod" type="int" flags="c" default="50">
    <facets>
      <bool name="config" val="true"/>
      <str name="unit" val="millisecond"/>
    </facets>
  </slot>
  <slot id="8" name="guardTime" type="int" flags="c" default="5">
    <facets>
      <bool name="config" val="true"/>
      <str name="unit" val="millisecond"/>
    </facets>
  </slot>
  <slot id="9" name="timeToSteadyState" type="int" flags="c" default="0">
    <facets>
      <bool name="config" val="true"/>
      <str name="unit" val="millisecond"/>
    </facets>
  </slot>
  <slot id="10" name="hibernationResetsSteadyState" type="bool" flags="c" default="false">
    <facets>
      <bool name="config" val="true"/>
    </facets>
  </slot>
</type>

<!-- sys::Folder -->
<type id="11" name="Folder" sizeof="36" base="sys::Component">
  <facets>
    <str name="niagaraIcon" val="module://icons/x16/folder.png"/>
  </facets>
</type>

<!-- sys::Service -->
<type id="12" name="Service" sizeof="40" flags="a" base="sys::Component">
  <facets>
    <str name="niagaraIcon" val="module://icons/x16/gears.png"/>
  </facets>
</type>

<!-- sys::PlatformService -->
<type id="13" name="PlatformService" sizeof="204" base="sys::Service">
  <facets>
    <str name="niagaraIcon" val="module://icons/x16/platform.png"/>
  </facets>
  <slot id="0" name="restart" type="void" flags="a">
    <facets>
      <bool name="confirmRequired" val="true"/>
    </facets>
  </slot>
  <slot id="1" name="reboot" type="void" flags="a">
    <facets>
      <bool name="confirmRequired" val="true"/>
    </facets>
  </slot>
  <slot id="2" name="platformId" type="sys::Buf" flags="s" default="unknown">
    <facets>
      <bool name="asStr" val="true"/>
      <bool name="summary" val="false"/>
      <int name="max" val="128"/>
      <bool name="readonly" val="true"/>
    </facets>
  </slot>
  <slot id="3" name="platformVer" type="sys::Buf" flags="s" default="0">
    <facets>
      <bool name="asStr" val="true"/>
      <bool name="summary" val="false"/>
      <int name="max" val="17"/>
      <bool name="readonly" val="true"/>
    </facets>
  </slot>
  <slot id="4" name="memAvailable" type="long" default="0">
    <facets>
      <bool name="readonly" val="true"/>
    </facets>
  </slot>
</type>

<!-- sys::RateFolder -->
<type id="14" name="RateFolder" sizeof="44" base="sys::Folder">
  <facets>
    <str name="niagaraIcon" val="module://icons/x16/folder.png"/>
  </facets>
  <slot id="0" name="appCyclesToSkip" type="int" flags="c" default="0">
    <facets>
      <int name="min" val="0"/>
      <bool name="config" val="true"/>
    </facets>
  </slot>
</type>

<!-- sys::User -->
<type id="15" name="User" sizeof="68" base="sys::Component">
  <facets>
    <str name="niagaraIcon" val="module://icons/x16/user.png"/>
  </facets>
  <slot id="0" name="cred" type="sys::Buf" flags="c">
    <facets>
      <bool name="config" val="true"/>
      <int name="max" val="20"/>
    </facets>
  </slot>
  <slot id="1" name="perm" type="int" flags="c">
    <facets>
      <bool name="config" val="true"/>
    </facets>
  </slot>
  <slot id="2" name="prov" type="byte" flags="c">
    <facets>
      <bool name="config" val="true"/>
    </facets>
  </slot>
</type>

<!-- sys::UserService -->
<type id="16" name="UserService" sizeof="40" base="sys::Service">
  <facets>
    <str name="niagaraIcon" val="module://icons/x16/user.png"/>
  </facets>
</type>

<!-- sys::AbstractBase -->
<type id="17" name="AbstractBase" sizeof="96" flags="a" base="sys::Component">
  <facets>
    <bool name="testonly" val="true"/>
  </facets>
  <slot id="0" name="absBuf" type="sys::Buf" flags="cs" default="ActionTest">
    <facets>
      <bool name="asStr" val="true"/>
      <bool name="config" val="true"/>
      <int name="max" val="16"/>
    </facets>
  </slot>
  <slot id="1" name="doAbstract" type="void" flags="a"/>
  <slot id="2" name="doBool" type="bool" flags="a"/>
  <slot id="3" name="doInt" type="int" flags="a"/>
  <slot id="4" name="doLong" type="long" flags="a"/>
  <slot id="5" name="doFloat" type="float" flags="a"/>
  <slot id="6" name="doDouble" type="double" flags="a"/>
  <slot id="7" name="doBuf" type="sys::Buf" flags="a"/>
</type>

<!-- sys::AbstractTestComp -->
<type id="18" name="AbstractTestComp" sizeof="44" flags="a" base="sys::Component">
  <facets>
    <bool name="testonly" val="true"/>
  </facets>
  <slot id="0" name="az" type="bool" default="true"/>
  <slot id="1" name="ai" type="int" default="747"/>
</type>

<!-- sys::AppDbg -->
<type id="19" name="AppDbg" sizeof="168" base="sys::Component">
  <facets>
    <str name="niagaraIcon" val="module://icons/x16/bug.png"/>
    <bool name="testonly" val="true"/>
  </facets>
  <slot id="0" name="enable" type="bool" flags="c">
    <facets>
      <bool name="summary" val="false"/>
      <bool name="config" val="true"/>
    </facets>
  </slot>
  <slot id="1" name="print" type="bool" flags="c">
    <facets>
      <bool name="summary" val="false"/>
      <bool name="config" val="true"/>
    </facets>
  </slot>
  <slot id="2" name="scanCyclesPerUpdate" type="int" flags="c" default="1000">
    <facets>
      <bool name="summary" val="false"/>
      <bool name="config" val="true"/>
    </facets>
  </slot>
  <slot id="3" name="execAvg" type="float">
    <facets>
      <str name="unit" val="millisecond"/>
      <int name="precision" val="1"/>
      <bool name="readonly" val="true"/>
    </facets>
  </slot>
  <slot id="4" name="execMin" type="float">
    <facets>
      <bool name="summary" val="false"/>
      <str name="unit" val="millisecond"/>
      <int name="precision" val="1"/>
      <bool name="readonly" val="true"/>
    </facets>
  </slot>
  <slot id="5" name="execMax" type="float">
    <facets>
      <bool name="summary" val="false"/>
      <str name="unit" val="millisecond"/>
      <int name="precision" val="1"/>
      <bool name="readonly" val="true"/>
    </facets>
  </slot>
  <slot id="6" name="execMinMin" type="float">
    <facets>
      <bool name="summary" val="false"/>
      <str name="unit" val="millisecond"/>
      <int name="precision" val="1"/>
      <bool name="readonly" val="true"/>
    </facets>
  </slot>
  <slot id="7" name="execMaxMax" type="float">
    <facets>
      <bool name="summary" val="false"/>
      <str name="unit" val="millisecond"/>
      <int name="precision" val="1"/>
      <bool name="readonly" val="true"/>
    </facets>
  </slot>
  <slot id="8" name="workAvg" type="float">
    <facets>
      <str name="unit" val="millisecond"/>
      <int name="precision" val="1"/>
      <bool name="readonly" val="true"/>
    </facets>
  </slot>
  <slot id="9" name="workMin" type="float">
    <facets>
      <bool name="summary" val="false"/>
      <str name="unit" val="millisecond"/>
      <int name="precision" val="1"/>
      <bool name="readonly" val="true"/>
    </facets>
  </slot>
  <slot id="10" name="workMax" type="float">
    <facets>
      <bool name="summary" val="false"/>
      <str name="unit" val="millisecond"/>
      <int name="precision" val="1"/>
      <bool name="readonly" val="true"/>
    </facets>
  </slot>
  <slot id="11" name="workMinMin" type="float">
    <facets>
      <bool name="summary" val="false"/>
      <str name="unit" val="millisecond"/>
      <int name="precision" val="1"/>
      <bool name="readonly" val="true"/>
    </facets>
  </slot>
  <slot id="12" name="workMaxMax" type="float">
    <facets>
      <bool name="summary" val="false"/>
      <str name="unit" val="millisecond"/>
      <int name="precision" val="1"/>
      <bool name="readonly" val="true"/>
    </facets>
  </slot>
  <slot id="13" name="scanAvg" type="float">
    <facets>
      <str name="unit" val="millisecond"/>
      <int name="precision" val="1"/>
      <bool name="readonly" val="true"/>
    </facets>
  </slot>
  <slot id="14" name="scanMin" type="float">
    <facets>
      <bool name="summary" val="false"/>
      <str name="unit" val="millisecond"/>
      <int name="precision" val="1"/>
      <bool name="readonly" val="true"/>
    </facets>
  </slot>
  <slot id="15" name="scanMax" type="float">
    <facets>
      <bool name="summary" val="false"/>
      <str name="unit" val="millisecond"/>
      <int name="precision" val="1"/>
      <bool name="readonly" val="true"/>
    </facets>
  </slot>
  <slot id="16" name="scanMinMin" type="float">
    <facets>
      <bool name="summary" val="false"/>
      <str name="unit" val="millisecond"/>
      <int name="precision" val="1"/>
      <bool name="readonly" val="true"/>
    </facets>
  </slot>
  <slot id="17" name="scanMaxMax" type="float">
    <facets>
      <bool name="summary" val="false"/>
      <str name="unit" val="millisecond"/>
      <int name="precision" val="1"/>
      <bool name="readonly" val="true"/>
    </facets>
  </slot>
  <slot id="18" name="overruns" type="int" default="0">
    <facets>
      <bool name="readonly" val="true"/>
    </facets>
  </slot>
  <slot id="19" name="resetValues" type="void" flags="a"/>
</type>

<!-- sys::FooAction -->
<type id="20" name="FooAction" sizeof="100" base="sys::AbstractBase">
  <facets>
    <bool name="testonly" val="true"/>
  </facets>
  <slot id="0" name="doAbstract" type="void" flags="a"/>
  <slot id="1" name="fooInt1" type="int" flags="c" default="1">
    <facets>
      <bool name="config" val="true"/>
    </facets>
  </slot>
</type>

<!-- sys::BarAction -->
<type id="21" name="BarAction" sizeof="112" base="sys::FooAction">
  <facets>
    <bool name="testonly" val="true"/>
  </facets>
  <slot id="0" name="doBool" type="bool" flags="a"/>
  <slot id="1" name="doInt" type="int" flags="a"/>
  <slot id="2" name="doLong" type="long" flags="a"/>
  <slot id="3" name="doFloat" type="float" flags="a"/>
  <slot id="4" name="doDouble" type="double" flags="a"/>
  <slot id="5" name="doBuf" type="sys::Buf" flags="a"/>
  <slot id="6" name="barBuf" type="sys::Buf" flags="cs" default="BarBuf">
    <facets>
      <bool name="asStr" val="true"/>
      <bool name="config" val="true"/>
      <int name="max" val="8"/>
    </facets>
  </slot>
</type>

<!-- sys::BazAction -->
<type id="22" name="BazAction" sizeof="116" base="sys::BarAction">
  <facets>
    <bool name="testonly" val="true"/>
  </facets>
  <slot id="0" name="doAbstract" type="void" flags="a"/>
  <slot id="1" name="doBool" type="bool" flags="a"/>
  <slot id="2" name="doInt" type="int" flags="a"/>
  <slot id="3" name="doLong" type="long" flags="a"/>
  <slot id="4" name="doFloat" type="float" flags="a"/>
  <slot id="5" name="doDouble" type="double" flags="a"/>
  <slot id="6" name="doBuf" type="sys::Buf" flags="a"/>
  <slot id="7" name="bazFloat" type="float" flags="c" default="1.0">
    <facets>
      <bool name="config" val="true"/>
    </facets>
  </slot>
</type>

<!-- sys::TestComp -->
<type id="23" name="TestComp" sizeof="140" base="sys::AbstractTestComp">
  <facets>
    <bool name="testonly" val="true"/>
    <str name="testStr" val="roger\nroger"/>
  </facets>
  <slot id="0" name="z1" type="bool" flags="c" default="null">
    <facets>
      <float name="f" val="3.8"/>
      <bool name="config" val="true"/>
      <str name="s" val="hello"/>
      <bool name="bFalse" val="false"/>
      <bool name="bTrue" val="true"/>
      <int name="i" val="35"/>
    </facets>
  </slot>
  <slot id="1" name="z2" type="bool" default="true"/>
  <slot id="2" name="b1" type="byte" flags="c">
    <facets>
      <bool name="config" val="true"/>
    </facets>
  </slot>
  <slot id="3" name="b2" type="byte" default="171"/>
  <slot id="4" name="s1" type="short" flags="c">
    <facets>
      <bool name="config" val="true"/>
    </facets>
  </slot>
  <slot id="5" name="s2" type="short" default="48879"/>
  <slot id="6" name="i1" type="int" flags="c">
    <facets>
      <bool name="config" val="true"/>
    </facets>
  </slot>
  <slot id="7" name="i2" type="int" flags="o" default="-123456789">
    <facets>
      <bool name="operator" val="true"/>
    </facets>
  </slot>
  <slot id="8" name="j1" type="long" flags="co">
    <facets>
      <bool name="config" val="true"/>
      <bool name="operator" val="true"/>
    </facets>
  </slot>
  <slot id="9" name="j2" type="long" default="-3000000000"/>
  <slot id="10" name="f1" type="float" flags="c" default="null">
    <facets>
      <bool name="config" val="true"/>
    </facets>
  </slot>
  <slot id="11" name="f2" type="float" default="2.04"/>
  <slot id="12" name="d1" type="double" flags="c">
    <facets>
      <bool name="config" val="true"/>
    </facets>
  </slot>
  <slot id="13" name="d2" type="double" default="256.0"/>
  <slot id="14" name="bufA" type="sys::Buf" flags="c">
    <facets>
      <bool name="config" val="true"/>
      <int name="max" val="4"/>
    </facets>
  </slot>
  <slot id="15" name="bufB" type="sys::Buf">
    <facets>
      <int name="max" val="2"/>
    </facets>
  </slot>
  <slot id="16" name="str" type="sys::Buf" flags="cs" default="foo">
    <facets>
      <bool name="asStr" val="true"/>
      <bool name="config" val="true"/>
      <int name="max" val="5"/>
    </facets>
  </slot>
  <slot id="17" name="incI1" type="void" flags="a">
    <facets>
      <bool name="b" val="false"/>
    </facets>
  </slot>
  <slot id="18" name="setZ1" type="bool" flags="a"/>
  <slot id="19" name="addI1" type="int" flags="a"/>
  <slot id="20" name="addJ1" type="long" flags="ao">
    <facets>
      <bool name="operator" val="true"/>
    </facets>
  </slot>
  <slot id="21" name="addF1" type="float" flags="a"/>
  <slot id="22" name="addD1" type="double" flags="a"/>
  <slot id="23" name="actionBuf" type="sys::Buf" flags="a"/>
  <slot id="24" name="actionStr" type="sys::Buf" flags="as">
    <facets>
      <bool name="asStr" val="true"/>
    </facets>
  </slot>
</type>

<!-- sys::SubTestComp -->
<type id="24" name="SubTestComp" sizeof="160" base="sys::TestComp">
  <facets>
    <bool name="testonly" val="true"/>
  </facets>
  <slot id="0" name="sb" type="byte" flags="c" default="45">
    <facets>
      <bool name="config" val="true"/>
    </facets>
  </slot>
  <slot id="1" name="si" type="int" flags="c">
    <facets>
      <bool name="config" val="true"/>
    </facets>
  </slot>
  <slot id="2" name="sf" type="float" flags="c" default="7.2">
    <facets>
      <bool name="config" val="true"/>
    </facets>
  </slot>
  <slot id="3" name="sd" type="double" flags="c" default="null">
    <facets>
      <bool name="config" val="true"/>
    </facets>
  </slot>
  <slot id="4" name="addSI" type="int" flags="a"/>
</type>

<!-- sys::TestService -->
<type id="25" name="TestService" sizeof="40" base="sys::Service">
  <facets>
    <bool name="testonly" val="true"/>
  </facets>
</type>

</kitManifest>
