<?xml version='1.0'?>
<kitManifest
   name="basicSchedule"
   checksum="7fdca638"
   hasNatives="false"
   doc="true"
   version="1.2.27"
   vendor="Tridium"
   description="basic schedule functions"
   buildHost="VA51DT-BIGFOOT"
   buildTime="2012-10-17T08:40:04.822-04:00"
>

<!-- Dependencies -->
<depends>
  <depend on="sys 1.2+"/>
  <depend on="datetime 1.2+"/>
</depends>

<!-- basicSchedule::DailySchedule -->
<type id="0" name="DailySchedule" sizeof="48" flags="a" base="sys::Component">
  <slot id="0" name="start1" type="short" flags="c">
    <facets>
      <bool name="config" val="true"/>
      <str name="unit" val="minute"/>
    </facets>
  </slot>
  <slot id="1" name="dur1" type="short" flags="c">
    <facets>
      <int name="min" val="0"/>
      <bool name="config" val="true"/>
      <str name="unit" val="minute"/>
      <int name="max" val="1440"/>
    </facets>
  </slot>
  <slot id="2" name="start2" type="short" flags="c">
    <facets>
      <bool name="config" val="true"/>
      <str name="unit" val="minute"/>
    </facets>
  </slot>
  <slot id="3" name="dur2" type="short" flags="c">
    <facets>
      <int name="min" val="0"/>
      <bool name="config" val="true"/>
      <str name="unit" val="minute"/>
      <int name="max" val="1440"/>
    </facets>
  </slot>
</type>

<!-- basicSchedule::DailyScheduleBool -->
<type id="1" name="DailyScheduleBool" sizeof="52" base="basicSchedule::DailySchedule">
  <slot id="0" name="val1" type="bool" flags="c">
    <facets>
      <bool name="config" val="true"/>
    </facets>
  </slot>
  <slot id="1" name="val2" type="bool" flags="c">
    <facets>
      <bool name="config" val="true"/>
    </facets>
  </slot>
  <slot id="2" name="defVal" type="bool" flags="c">
    <facets>
      <bool name="config" val="true"/>
    </facets>
  </slot>
  <slot id="3" name="out" type="bool"/>
</type>

<!-- basicSchedule::DailyScheduleFloat -->
<type id="2" name="DailyScheduleFloat" sizeof="64" base="basicSchedule::DailySchedule">
  <slot id="0" name="val1" type="float" flags="c">
    <facets>
      <bool name="config" val="true"/>
    </facets>
  </slot>
  <slot id="1" name="val2" type="float" flags="c">
    <facets>
      <bool name="config" val="true"/>
    </facets>
  </slot>
  <slot id="2" name="defVal" type="float" flags="c">
    <facets>
      <bool name="config" val="true"/>
    </facets>
  </slot>
  <slot id="3" name="out" type="float"/>
</type>

</kitManifest>
