<?xml version='1.0'?>
<kitManifest
   name="func"
   checksum="821b7396"
   hasNatives="false"
   doc="true"
   version="1.2.27"
   vendor="Tridium"
   description="Basic function block library"
   buildHost="VA51DT-BIGFOOT"
   buildTime="2012-10-17T08:40:05.416-04:00"
>

<!-- Dependencies -->
<depends>
  <depend on="sys 1.2+"/>
</depends>

<!-- func::Cmpr -->
<type id="0" name="Cmpr" sizeof="48" base="sys::Component">
  <facets>
    <str name="niagaraIcon" val="module://icons/x16/control/logic/lessThan.png"/>
  </facets>
  <slot id="0" name="xgy" type="bool">
    <facets>
      <bool name="readonly" val="true"/>
    </facets>
  </slot>
  <slot id="1" name="xey" type="bool">
    <facets>
      <bool name="readonly" val="true"/>
    </facets>
  </slot>
  <slot id="2" name="xly" type="bool">
    <facets>
      <bool name="readonly" val="true"/>
    </facets>
  </slot>
  <slot id="3" name="x" type="float"/>
  <slot id="4" name="y" type="float"/>
</type>

<!-- func::Count -->
<type id="1" name="Count" sizeof="52" base="sys::Component">
  <facets>
    <str name="niagaraIcon" val="module://icons/x16/control/util/step.png"/>
  </facets>
  <slot id="0" name="out" type="int">
    <facets>
      <bool name="readonly" val="true"/>
    </facets>
  </slot>
  <slot id="1" name="in" type="bool"/>
  <slot id="2" name="preset" type="int" flags="c" default="0">
    <facets>
      <int name="min" val="0"/>
      <bool name="config" val="true"/>
      <bool name="defaultOnClone" val="true"/>
    </facets>
  </slot>
  <slot id="3" name="dir" type="bool" flags="c" default="true">
    <facets>
      <bool name="config" val="true"/>
      <str name="falseText" val="down"/>
      <bool name="defaultOnClone" val="true"/>
      <str name="trueText" val="up"/>
    </facets>
  </slot>
  <slot id="4" name="enable" type="bool"/>
  <slot id="5" name="r" type="bool"/>
  <slot id="6" name="reset" type="void" flags="a"/>
</type>

<!-- func::Freq -->
<type id="2" name="Freq" sizeof="56" base="sys::Component">
  <facets>
    <str name="niagaraIcon" val="module://icons/x16/control/control.png"/>
  </facets>
  <slot id="0" name="pps" type="float">
    <facets>
      <str name="unit" val="per_second"/>
      <int name="precision" val="3"/>
      <bool name="readonly" val="true"/>
    </facets>
  </slot>
  <slot id="1" name="ppm" type="float">
    <facets>
      <str name="unit" val="per_minute"/>
      <int name="precision" val="3"/>
      <bool name="readonly" val="true"/>
    </facets>
  </slot>
  <slot id="2" name="in" type="bool"/>
</type>

<!-- func::Hysteresis -->
<type id="3" name="Hysteresis" sizeof="52" base="sys::Component">
  <facets>
    <str name="niagaraIcon" val="module://icons/x16/control/util/hysteresis.png"/>
  </facets>
  <slot id="0" name="in" type="float"/>
  <slot id="1" name="out" type="bool" default="false">
    <facets>
      <bool name="readonly" val="true"/>
    </facets>
  </slot>
  <slot id="2" name="risingEdge" type="float" flags="c" default="50.0">
    <facets>
      <bool name="config" val="true"/>
      <bool name="defaultOnClone" val="true"/>
    </facets>
  </slot>
  <slot id="3" name="fallingEdge" type="float" flags="c" default="50.0">
    <facets>
      <bool name="config" val="true"/>
      <bool name="defaultOnClone" val="true"/>
    </facets>
  </slot>
</type>

<!-- func::IRamp -->
<type id="4" name="IRamp" sizeof="72" base="sys::Component">
  <facets>
    <str name="niagaraIcon" val="module://icons/x16/control/util/sine.png"/>
  </facets>
  <slot id="0" name="out" type="int">
    <facets>
      <bool name="readonly" val="true"/>
    </facets>
  </slot>
  <slot id="1" name="min" type="int" flags="c" default="0">
    <facets>
      <bool name="config" val="true"/>
    </facets>
  </slot>
  <slot id="2" name="max" type="int" flags="c" default="100">
    <facets>
      <bool name="config" val="true"/>
    </facets>
  </slot>
  <slot id="3" name="delta" type="int" flags="c" default="1">
    <facets>
      <int name="min" val="1"/>
      <bool name="config" val="true"/>
    </facets>
  </slot>
  <slot id="4" name="secs" type="long" flags="c" default="1">
    <facets>
      <int name="min" val="1"/>
      <bool name="config" val="true"/>
      <str name="unit" val="second"/>
    </facets>
  </slot>
</type>

<!-- func::LP -->
<type id="5" name="LP" sizeof="128" base="sys::Component">
  <facets>
    <str name="niagaraIcon" val="module://icons/x16/control/numericPoint.png"/>
  </facets>
  <slot id="0" name="enable" type="bool" flags="c" default="true">
    <facets>
      <bool name="config" val="true"/>
    </facets>
  </slot>
  <slot id="1" name="sp" type="float" flags="c" default="0.0">
    <facets>
      <bool name="summary" val="true"/>
      <bool name="config" val="true"/>
    </facets>
  </slot>
  <slot id="2" name="cv" type="float" default="0.0">
    <facets>
      <int name="precision" val="3"/>
    </facets>
  </slot>
  <slot id="3" name="out" type="float">
    <facets>
      <bool name="readonly" val="true"/>
    </facets>
  </slot>
  <slot id="4" name="kp" type="float" flags="c" default="1.0">
    <facets>
      <float name="min" val="0.0"/>
      <bool name="config" val="true"/>
      <int name="precision" val="6"/>
    </facets>
  </slot>
  <slot id="5" name="ki" type="float" flags="c" default="0.0">
    <facets>
      <float name="min" val="0.0"/>
      <bool name="config" val="true"/>
      <str name="unit" val="per_minute"/>
      <int name="precision" val="6"/>
    </facets>
  </slot>
  <slot id="6" name="kd" type="float" flags="c" default="0.0">
    <facets>
      <float name="min" val="0.0"/>
      <bool name="config" val="true"/>
      <str name="unit" val="second"/>
      <int name="precision" val="6"/>
    </facets>
  </slot>
  <slot id="7" name="max" type="float" flags="c" default="100.0">
    <facets>
      <bool name="config" val="true"/>
      <int name="precision" val="6"/>
    </facets>
  </slot>
  <slot id="8" name="min" type="float" flags="c" default="0.0">
    <facets>
      <bool name="config" val="true"/>
      <int name="precision" val="6"/>
    </facets>
  </slot>
  <slot id="9" name="bias" type="float" flags="c" default="0.0">
    <facets>
      <bool name="config" val="true"/>
      <int name="precision" val="6"/>
    </facets>
  </slot>
  <slot id="10" name="maxDelta" type="float" flags="c" default="0.0">
    <facets>
      <float name="min" val="0.0"/>
      <bool name="config" val="true"/>
      <int name="precision" val="6"/>
    </facets>
  </slot>
  <slot id="11" name="direct" type="bool" flags="c" default="true">
    <facets>
      <bool name="config" val="true"/>
    </facets>
  </slot>
  <slot id="12" name="exTime" type="int" flags="c" default="1000">
    <facets>
      <int name="min" val="0"/>
      <bool name="config" val="true"/>
      <str name="unit" val="millisecond"/>
    </facets>
  </slot>
</type>

<!-- func::Limiter -->
<type id="6" name="Limiter" sizeof="52" base="sys::Component">
  <facets>
    <str name="niagaraIcon" val="module://icons/x16/control/util/limit.png"/>
  </facets>
  <slot id="0" name="out" type="float">
    <facets>
      <bool name="readonly" val="true"/>
    </facets>
  </slot>
  <slot id="1" name="in" type="float"/>
  <slot id="2" name="lowLmt" type="float" flags="c">
    <facets>
      <bool name="config" val="true"/>
    </facets>
  </slot>
  <slot id="3" name="highLmt" type="float" flags="c">
    <facets>
      <bool name="config" val="true"/>
    </facets>
  </slot>
</type>

<!-- func::Linearize -->
<type id="7" name="Linearize" sizeof="128" base="sys::Component">
  <facets>
    <str name="niagaraIcon" val="module://icons/x16/control/util/xy.png"/>
  </facets>
  <slot id="0" name="out" type="float">
    <facets>
      <bool name="readonly" val="true"/>
    </facets>
  </slot>
  <slot id="1" name="in" type="float"/>
  <slot id="2" name="x0" type="float" flags="c">
    <facets>
      <bool name="config" val="true"/>
    </facets>
  </slot>
  <slot id="3" name="y0" type="float" flags="c">
    <facets>
      <bool name="config" val="true"/>
    </facets>
  </slot>
  <slot id="4" name="x1" type="float" flags="c">
    <facets>
      <bool name="config" val="true"/>
    </facets>
  </slot>
  <slot id="5" name="y1" type="float" flags="c">
    <facets>
      <bool name="config" val="true"/>
    </facets>
  </slot>
  <slot id="6" name="x2" type="float" flags="c">
    <facets>
      <bool name="config" val="true"/>
    </facets>
  </slot>
  <slot id="7" name="y2" type="float" flags="c">
    <facets>
      <bool name="config" val="true"/>
    </facets>
  </slot>
  <slot id="8" name="x3" type="float" flags="c">
    <facets>
      <bool name="config" val="true"/>
    </facets>
  </slot>
  <slot id="9" name="y3" type="float" flags="c">
    <facets>
      <bool name="config" val="true"/>
    </facets>
  </slot>
  <slot id="10" name="x4" type="float" flags="c">
    <facets>
      <bool name="config" val="true"/>
    </facets>
  </slot>
  <slot id="11" name="y4" type="float" flags="c">
    <facets>
      <bool name="config" val="true"/>
    </facets>
  </slot>
  <slot id="12" name="x5" type="float" flags="c">
    <facets>
      <bool name="config" val="true"/>
    </facets>
  </slot>
  <slot id="13" name="y5" type="float" flags="c">
    <facets>
      <bool name="config" val="true"/>
    </facets>
  </slot>
  <slot id="14" name="x6" type="float" flags="c">
    <facets>
      <bool name="config" val="true"/>
    </facets>
  </slot>
  <slot id="15" name="y6" type="float" flags="c">
    <facets>
      <bool name="config" val="true"/>
    </facets>
  </slot>
  <slot id="16" name="x7" type="float" flags="c">
    <facets>
      <bool name="config" val="true"/>
    </facets>
  </slot>
  <slot id="17" name="y7" type="float" flags="c">
    <facets>
      <bool name="config" val="true"/>
    </facets>
  </slot>
  <slot id="18" name="x8" type="float" flags="c">
    <facets>
      <bool name="config" val="true"/>
    </facets>
  </slot>
  <slot id="19" name="y8" type="float" flags="c">
    <facets>
      <bool name="config" val="true"/>
    </facets>
  </slot>
  <slot id="20" name="x9" type="float" flags="c">
    <facets>
      <bool name="config" val="true"/>
    </facets>
  </slot>
  <slot id="21" name="y9" type="float" flags="c">
    <facets>
      <bool name="config" val="true"/>
    </facets>
  </slot>
</type>

<!-- func::Ramp -->
<type id="8" name="Ramp" sizeof="68" base="sys::Component">
  <facets>
    <str name="niagaraIcon" val="module://icons/x16/control/util/sine.png"/>
  </facets>
  <slot id="0" name="out" type="float">
    <facets>
      <bool name="readonly" val="true"/>
    </facets>
  </slot>
  <slot id="1" name="min" type="float" flags="c" default="0.0">
    <facets>
      <bool name="config" val="true"/>
    </facets>
  </slot>
  <slot id="2" name="max" type="float" flags="c" default="100.0">
    <facets>
      <bool name="config" val="true"/>
    </facets>
  </slot>
  <slot id="3" name="period" type="float" flags="c" default="10.0">
    <facets>
      <int name="min" val="0"/>
      <bool name="config" val="true"/>
      <str name="unit" val="second"/>
      <int name="precision" val="0"/>
    </facets>
  </slot>
  <slot id="4" name="rampType" type="bool" flags="c" default="true">
    <facets>
      <bool name="config" val="true"/>
      <str name="falseText" val="sawtooth"/>
      <str name="trueText" val="triangle"/>
    </facets>
  </slot>
</type>

<!-- func::SRLatch -->
<type id="9" name="SRLatch" sizeof="44" base="sys::Component">
  <facets>
    <str name="niagaraIcon" val="module://icons/x16/control/control.png"/>
  </facets>
  <slot id="0" name="out" type="bool">
    <facets>
      <bool name="readonly" val="true"/>
    </facets>
  </slot>
  <slot id="1" name="s" type="bool"/>
  <slot id="2" name="r" type="bool"/>
</type>

<!-- func::TickTock -->
<type id="10" name="TickTock" sizeof="52" base="sys::Component">
  <facets>
    <str name="niagaraIcon" val="module://icons/x16/control/util/sine.png"/>
  </facets>
  <slot id="0" name="out" type="bool">
    <facets>
      <bool name="readonly" val="true"/>
    </facets>
  </slot>
  <slot id="1" name="ticksPerSec" type="int" flags="c" default="1">
    <facets>
      <int name="min" val="1"/>
      <bool name="config" val="true"/>
      <str name="unit" val="per_second"/>
      <int name="max" val="10"/>
    </facets>
  </slot>
</type>

<!-- func::UpDn -->
<type id="11" name="UpDn" sizeof="52" base="sys::Component">
  <facets>
    <str name="niagaraIcon" val="module://icons/x16/control/control.png"/>
  </facets>
  <slot id="0" name="out" type="float">
    <facets>
      <bool name="readonly" val="true"/>
    </facets>
  </slot>
  <slot id="1" name="ovr" type="bool">
    <facets>
      <bool name="readonly" val="true"/>
    </facets>
  </slot>
  <slot id="2" name="in" type="bool"/>
  <slot id="3" name="rst" type="bool"/>
  <slot id="4" name="cDwn" type="bool" flags="c">
    <facets>
      <bool name="summary" val="true"/>
      <bool name="config" val="true"/>
    </facets>
  </slot>
  <slot id="5" name="limit" type="float" flags="c">
    <facets>
      <bool name="config" val="true"/>
    </facets>
  </slot>
  <slot id="6" name="holdAtLimit" type="bool" flags="c">
    <facets>
      <bool name="config" val="true"/>
    </facets>
  </slot>
</type>

</kitManifest>
