<?xml version='1.0'?>
<kitManifest
   name="soxcert"
   checksum="69ef332c"
   hasNatives="false"
   doc="true"
   version="1.2.27"
   vendor="Tridium"
   description="Kit for use in sox certification tests"
   buildHost="VA51DT-BIGFOOT"
   buildTime="2012-10-17T08:40:03.681-04:00"
>

<!-- Dependencies -->
<depends>
  <depend on="sys 1.2+"/>
</depends>

<!-- soxcert::CertComp -->
<type id="0" name="CertComp" sizeof="40" base="sys::Component">
  <facets>
    <bool name="palette" val="false"/>
  </facets>
  <slot id="0" name="certInt" type="int" flags="c" default="0">
    <facets>
      <bool name="config" val="true"/>
    </facets>
  </slot>
</type>

</kitManifest>
